{
  "today": "Today",
  "tomorrow": "Tomorrow",
  "dayNames": {
    "monday": "Monday",
    "tuesday": "Tuesday",
    "wednesday": "Wednesday",
    "thursday": "Thursday",
    "friday": "Friday",
    "saturday": "Saturday",
    "sunday": "Sunday"
  },
  "dayShortNames": {
    "monday": "Mon",
    "tuesday": "Tue",
    "wednesday": "Wed",
    "thursday": "Thu",
    "friday": "Fri",
    "saturday": "Sat",
    "sunday": "Sun"
  },
  "dayMinNames": {
    "monday": "M",
    "tuesday": "T",
    "wednesday": "W",
    "thursday": "T",
    "friday": "F",
    "saturday": "S",
    "sunday": "S"
  },
  "monthNames": {
    "january": "January",
    "february": "February",
    "march": "March",
    "april": "April",
    "may": "May",
    "june": "June",
    "july": "July",
    "august": "August",
    "september": "September",
    "october": "October",
    "november": "November",
    "december": "December"
  },
  "monthShortNames": {
    "january": "Jan",
    "february": "Feb",
    "march": "Mar",
    "april": "Apr",
    "may": "May",
    "june": "Jun",
    "july": "Jul",
    "august": "Aug",
    "september": "Sep",
    "october": "Oct",
    "november": "Nov",
    "december": "Dec"
  }
}
