{
  "today": "Dzisiaj",
  "dayNames": {
    "monday": "Poniedziałek",
    "tuesday": "Wtorek",
    "wednesday": "Środa",
    "thursday": "Czwartek",
    "friday": "Piątek",
    "saturday": "Sobota",
    "sunday": "Niedziela"
  },
  "dayShortNames": {
    "monday": "Pon",
    "tuesday": "Wt",
    "wednesday": "Śr",
    "thursday": "Czw",
    "friday": "Pt",
    "saturday": "Sob",
    "sunday": "Nie"
  },
  "dayMinNames": {
    "monday": "P",
    "tuesday": "Wt",
    "wednesday": "Śr",
    "thursday": "Cz",
    "friday": "Pt",
    "saturday": "S",
    "sunday": "N"
  },
  "monthNames": {
    "january": "Styczeń",
    "february": "Luty",
    "march": "Marzec",
    "april": "Kwieceń",
    "may": "Maj",
    "june": "Czerwiec",
    "july": "Lipiec",
    "august": "Sierpień",
    "september": "Wrzesień",
    "october": "Październik",
    "november": "Listopad",
    "december": "Grudzień"
  },
  "monthShortNames": {
    "january": "Sty",
    "february": "Lut",
    "march": "Mar",
    "april": "Kwi",
    "may": "Maj",
    "june": "Cze",
    "july": "Lip",
    "august": "Sie",
    "september": "Wrz",
    "october": "Paź",
    "november": "Lis",
    "december": "Gru"
  }
}
